WindDir_CALM,WindDir_E,WindDir_ENE,WindDir_ESE,WindDir_N,WindDir_NE,WindDir_NNE,WindDir_NNW,WindDir_NW,WindDir_S,WindDir_SE,WindDir_SSE,WindDir_SSW,WindDir_SW,WindDir_W,WindDir_WNW,WindDir_WSW,Air Temp (degrees C),Humidity (%),MSLP (hPa),Wind Speed (km/h),Wind Gust  (km/h),E (hPa),Dew Pt Temp (degrees C),Apparent Temp (degrees C),Rainfall since 9 am (mm)
0.0,0.02385107620709715,0.02210587550901687,0.009889470622454915,0.14805119255381036,0.015706806282722512,0.04566608493310064,0.02501454333915067,0.02006980802792321,0.20622454915648633,0.02385107620709715,0.11052937754508435,0.10762070971495055,0.1067481093659104,0.04566608493310064,0.03374054682955206,0.055264688772542175,21.447324025596274,64.84380453752182,1011.0505526468877,16.987492728330423,63.0,16.389006951702413,14.041186736474694,0.0,4297.4
0.0,0.017241379310344827,0.01210564930300807,0.022743947175348497,0.16911225238444608,0.011371973587674248,0.03154805575935436,0.041085840058694055,0.03338224504768892,0.22743947175348497,0.04732208363903155,0.0884079236977256,0.09170946441672781,0.05612619222303742,0.061261922230374175,0.03521643433602348,0.05392516507703595,20.933895818048423,67.63903154805575,1014.0944974321351,15.574101247248716,65.0,16.57190763879427,14.316617754952311,0.0,1954.2
0.0,0.0045410314628608495,0.010055141096334739,0.0042166720726565035,0.26240674667531627,0.014596172559195588,0.04443723645799546,0.03892312682452157,0.019461563412260786,0.15926046059033408,0.015893610120012974,0.053843658773921506,0.09860525462212132,0.08627959779435615,0.05124878365228673,0.043788517677586763,0.09244242620823873,19.213039247486215,65.96788842036977,1015.366590982809,17.373986376905613,72.0,14.488431521094638,12.26195264352903,0.0,2066.0
0.0,0.002704530087897228,0.0067613252197430695,0.005747126436781609,0.3204868154158215,0.012508451656524679,0.0486815415821501,0.05138607167004733,0.048005409060175794,0.08248816768086545,0.021636240703177823,0.057809330628803245,0.05240027045300879,0.05848546315077755,0.081473968897904,0.0784313725490196,0.07099391480730223,16.35895875591616,68.65956727518594,1022.6349898580121,16.574374577417174,56.0,12.379933164170453,10.124171737660582,0.0,3866.8
0.0,0.0015424164524421595,0.002056555269922879,0.005655526992287918,0.18354755784061696,0.0010282776349614395,0.008740359897172237,0.024678663239074552,0.0416452442159383,0.10334190231362468,0.019023136246786632,0.049357326478149104,0.08431876606683805,0.12030848329048843,0.16349614395886888,0.0724935732647815,0.11876606683804627,13.321645244215938,77.29922879177379,1018.1925964010284,14.741902313624678,67.0,11.745211959895839,9.31681233933162,0.0,2963.2
0.0,0.0058900523560209425,0.007198952879581152,0.002617801047120419,0.32591623036649214,0.013089005235602094,0.024214659685863876,0.0968586387434555,0.0274869109947644,0.10667539267015706,0.013089005235602094,0.029450261780104712,0.07395287958115183,0.06740837696335078,0.0968586387434555,0.05170157068062827,0.05759162303664921,12.639594240837695,74.8553664921466,1022.0236256544504,18.468586387434556,59.0,10.836303019362141,8.188939790575917,0.0,226.20000000000002
0.0,0.0,0.0,0.006476683937823834,0.35621761658031087,0.009067357512953367,0.06606217616580311,0.04145077720207254,0.01683937823834197,0.172279792746114,0.01683937823834197,0.027202072538860103,0.05310880829015544,0.05958549222797927,0.07253886010362694,0.018134715025906734,0.08419689119170984,11.491321243523315,81.67487046632124,1018.0801813471503,19.730569948186528,56.0,10.99282752001087,8.389766839378238,0.0,997.1999999999999
0.0,0.004713275726630008,0.010997643362136685,0.0054988216810683424,0.401413982717989,0.01335428122545169,0.07148468185388845,0.036920659858601726,0.029850746268656716,0.10683424980361352,0.018853102906520033,0.0793401413982718,0.046347211311861744,0.04556166535742341,0.03613511390416339,0.031421838177533384,0.061272584446190104,13.006362922230949,75.29615082482326,1016.7125687352711,18.63629222309505,63.0,11.138650907022013,8.564493322859388,0.0,1091.8
0.0,0.014134275618374558,0.013250883392226149,0.006183745583038869,0.3224381625441696,0.02120141342756184,0.04858657243816254,0.045053003533568906,0.028268551236749116,0.05565371024734982,0.04858657243816254,0.036219081272084806,0.052120141342756186,0.06625441696113074,0.10777385159010601,0.053003533568904596,0.0812720848056537,14.101943462897527,72.18727915194346,1012.6128091872791,19.27296819787986,72.0,11.332054966571572,8.810070671378092,0.0,4329.0
0.0,0.009900990099009901,0.013613861386138614,0.009488448844884489,0.264026402640264,0.014026402640264026,0.04496699669966997,0.04826732673267327,0.03506600660066007,0.13407590759075907,0.027227722772277228,0.07879537953795379,0.08168316831683169,0.07549504950495049,0.05981848184818482,0.036716171617161716,0.06683168316831684,16.53102310231023,69.79785478547855,1015.2226072607261,18.02970297029703,78.0,12.691199127577933,10.408003300330034,0.0,3911.4
0.0,0.007210031347962382,0.015047021943573668,0.006269592476489028,0.24200626959247648,0.026332288401253918,0.04733542319749216,0.03636363636363636,0.032915360501567396,0.1103448275862069,0.01567398119122257,0.04890282131661442,0.06332288401253919,0.10219435736677115,0.08150470219435736,0.045454545454545456,0.11912225705329153,18.89630094043887,65.1962382445141,1012.8533855799373,17.1858934169279,76.0,13.804064893315411,11.616520376175547,0.0,6609.6
0.0,0.018747907599598258,0.016404419149648478,0.009039169735520589,0.15701372614663542,0.022430532306662202,0.04050887177770338,0.0190826916638768,0.017408771342484097,0.2216270505523937,0.024774020756611986,0.08670907264814195,0.11550050217609642,0.09240040174087713,0.04720455306327419,0.03850016739203214,0.07264814194844325,20.33388014730499,61.46468028121861,1013.1157348510211,18.303314362236357,96.0,14.303859398931742,12.168998995647808,0.0,4486.6
0.0,0.0071301247771836,0.006238859180035651,0.00861556743909685,0.19875222816399288,0.006535947712418301,0.03238265002970885,0.031788472964943554,0.026737967914438502,0.22192513368983957,0.039512774806892456,0.10546642899584076,0.06981580510992276,0.08051099227569816,0.05674390968508616,0.034165181224004755,0.0736779560308972,21.925935828877005,59.1387403446227,1013.3606654783125,21.12804515745692,74.0,15.08208363434813,12.906506238859182,0.0,1202.6
0.0,0.001492982979994028,0.0035831591519856674,0.00477754553598089,0.1863242759032547,0.0026873693639892504,0.021498954911914003,0.03374141534786503,0.018811585547924753,0.2290235891310839,0.039414750671842344,0.1272021498954912,0.10002985965959989,0.0686772170797253,0.06539265452373844,0.04001194386383995,0.05733054643177068,21.318542848611525,62.7751567632129,1013.1629441624366,18.579874589429682,93.0,15.315537207146333,13.17966557181248,0.0,2903.7999999999997
0.0002770850651149903,0.014685508451094486,0.004987531172069825,0.017456359102244388,0.22360764754779716,0.00831255195344971,0.05015239678581324,0.030479357162648935,0.03020227209753394,0.11859240786921585,0.0889443059019119,0.11665281241341091,0.038237738985868665,0.06317539484621779,0.07924632862288723,0.05070656691604322,0.06428373510667774,18.693627043502357,64.79939041285675,1016.1361873095041,19.326129121640342,70.0,13.653400489864762,11.495344970906068,12.499889165973954,3847.2
0.0,0.008879023307436182,0.009618941916389198,0.012578616352201259,0.3547909729929708,0.01220865704772475,0.02737698853126156,0.06400295967443581,0.032556418793932666,0.07066222715501295,0.029226785053644098,0.06326304106548279,0.03810580836108028,0.05179430262671106,0.0780614132445431,0.060303366629670736,0.08657047724750278,17.205142434332224,68.88975212726601,1018.4850166481687,15.4047354790973,63.0,13.28176130447944,11.081539030706622,14.783832778394375,1843.4
0.0,0.002738225629791895,0.001095290251916758,0.0032858707557502738,0.20372398685651696,0.0065717415115005475,0.019715224534501644,0.02792990142387733,0.040525739320920046,0.07447973713033954,0.01095290251916758,0.03778751369112815,0.10350492880613363,0.1330777656078861,0.08817086527929902,0.10405257393209201,0.14238773274917854,13.125355969331874,75.93756845564074,1022.7140744797371,16.77710843373494,67.0,11.31989639812631,8.79775465498357,9.966812705366923,3794.2
0.0,0.0008460236886632825,0.004230118443316413,0.001692047377326565,0.1785109983079526,0.005076142131979695,0.02961082910321489,0.05922165820642978,0.018612521150592216,0.07868020304568528,0.005922165820642978,0.07952622673434856,0.051607445008460234,0.11336717428087986,0.16159052453468697,0.050761421319796954,0.16074450084602368,11.666159052453468,82.2901861252115,1018.7785109983079,17.71319796954315,59.0,11.207059840616573,8.64357021996616,8.315143824027073,3276.8
0.0,0.011494252873563218,0.0067613252197430695,0.006085192697768763,0.2893847194050034,0.023664638269100743,0.04935767410412441,0.068289384719405,0.038539553752535496,0.05949966193373901,0.008113590263691683,0.023664638269100743,0.06626098715348208,0.08181203515889114,0.0777552400270453,0.025016903313049357,0.1643002028397566,11.84367816091954,79.87423935091277,1020.1505070993916,16.55104800540906,56.0,11.000526986210243,8.402434077079109,8.688843813387424,2341.6
0.0,0.0,0.0,0.0,0.049557522123893805,0.0,0.0,0.06725663716814159,0.023008849557522124,0.16460176991150444,0.0,0.021238938053097345,0.27079646017699116,0.3168141592920354,0.033628318584070796,0.02654867256637168,0.02654867256637168,11.113274336283187,83.56106194690265,1022.3145132743362,18.909734513274337,59.0,10.967813565840434,8.357699115044248,7.345663716814159,1069.0
0.0,0.011701170117011701,0.0063006300630063005,0.0054005400540054005,0.15751575157515751,0.023402340234023402,0.0594059405940594,0.0558055805580558,0.037803780378037805,0.046804680468046804,0.019801980198019802,0.045004500450045004,0.036003600360036005,0.12061206120612061,0.15751575157515751,0.06570657065706571,0.15121512151215122,13.908550855085508,73.72997299729973,1014.4754275427542,15.177317731773178,63.0,11.50696833749954,9.054275427542754,11.046804680468046,1003.8000000000001
0.0,0.0020477815699658703,0.007508532423208191,0.004095563139931741,0.21638225255972696,0.008873720136518772,0.032764505119453925,0.04368600682593857,0.03686006825938567,0.1037542662116041,0.00955631399317406,0.0757679180887372,0.08532423208191127,0.10716723549488055,0.11126279863481228,0.04778156996587031,0.10716723549488055,15.511877133105804,67.24505119453924,1017.9145392491467,16.974061433447098,61.0,11.45263888570816,8.987918088737201,12.31235494880546,576.8
0.0,0.008898305084745763,0.005932203389830509,0.012711864406779662,0.14322033898305084,0.017372881355932204,0.02754237288135593,0.03305084745762712,0.030084745762711865,0.1826271186440678,0.030508474576271188,0.09322033898305085,0.1211864406779661,0.10042372881355932,0.06398305084745763,0.05677966101694915,0.07245762711864406,18.19728813559322,65.08898305084746,1014.1847033898305,16.833898305084745,65.0,13.421640887234787,11.11707627118644,15.495720338983052,1293.2
0.0,0.008491847826086956,0.005434782608695652,0.012567934782608696,0.1749320652173913,0.008491847826086956,0.02377717391304348,0.035326086956521736,0.025475543478260868,0.19802989130434784,0.034646739130434784,0.11990489130434782,0.08933423913043478,0.11990489130434782,0.03702445652173913,0.03294836956521739,0.07370923913043478,19.606419836956523,59.291440217391305,1014.5540760869566,20.848165760869566,80.0,13.116373764934497,10.81929347826087,16.120414402173914,1552.4
0.0,0.006011421701232342,0.0024045686804929365,0.014427412082957619,0.09437932070934776,0.004508566275924256,0.0123234144875263,0.021039975954313193,0.01562969642320409,0.28313796212804326,0.04238052299368801,0.15238954012623984,0.14367297865945297,0.08506161707243763,0.043883378418996095,0.023444544634806132,0.05530507965133754,20.7921851517884,57.88428013225128,1012.2443943492636,20.10820559062218,70.0,13.682386272371765,11.565764953411483,17.42765253982567,907.8
0.0,0.020036991368680642,0.011097410604192354,0.02466091245376079,0.1535141800246609,0.01911220715166461,0.028051787916152898,0.02836004932182491,0.02651048088779285,0.20252774352651048,0.055487053020961775,0.14210850801479655,0.09895191122071517,0.04716399506781751,0.05826140567200987,0.04469790382244143,0.03945745992601726,22.779099876695437,58.7598643649815,1015.7598335388409,18.063501849568436,67.0,15.629305443187956,13.532583230579531,20.802558569667077,2722.2
0.0,0.011171401212894989,0.009575486753909991,0.011809766996488988,0.34152569422278967,0.00989466964570699,0.04979253112033195,0.07947654005745292,0.06894350462815194,0.08905202681136291,0.03159910628790297,0.06798595595276093,0.03957867858282796,0.058091286307053944,0.04851579955314395,0.03925949569103096,0.043728056176188954,21.95662304500479,54.37727417810405,1015.6283115225024,19.618895627194384,96.0,13.657974311487486,11.46919885094159,19.043089690392595,1555.4
0.0,0.006197593875318994,0.006562158220925993,0.008020415603353991,0.2850893182646737,0.015311702515493984,0.021144732045205977,0.06890266131972293,0.04958075100255195,0.12942034269048486,0.025154939846882975,0.06562158220925994,0.05723660226029894,0.06635071090047394,0.06963179001093693,0.05905942398833394,0.06671527524608094,16.994130514035728,67.46445497630332,1019.4842143638352,15.71928545388261,57.0,12.794474127135675,10.564382063434195,14.23798760481225,1605.2
0.0,0.0021333333333333334,0.0005333333333333334,0.0016,0.39466666666666667,0.0048,0.06986666666666666,0.072,0.04586666666666667,0.0224,0.012266666666666667,0.026133333333333335,0.034666666666666665,0.064,0.10986666666666667,0.06133333333333333,0.07786666666666667,14.517226666666666,71.10666666666667,1022.00528,19.692266666666665,63.0,11.554967924442924,9.081706666666667,11.226986666666665,2209.0
0.0,0.007821901323706379,0.0036101083032490976,0.0024067388688327317,0.2111913357400722,0.013838748495788207,0.03730445246690734,0.043922984356197355,0.016245487364620937,0.1654632972322503,0.015643802647412757,0.06919374247894103,0.11492178098676294,0.09326113116726835,0.10048134777376655,0.03910950661853189,0.06558363417569193,12.568291215403129,80.52466907340553,1018.138146811071,15.841756919374248,61.0,11.654203348451865,9.197472924187727,9.622202166064982,3349.8
0.0,0.0,0.005098324836125273,0.0,0.584122359796067,0.02039329934450109,0.0808448652585579,0.1434814275309541,0.03423160961398398,0.004369992716678805,0.0,0.0,0.007283321194464676,0.026219956300072834,0.037144938091769844,0.02986161689730517,0.026948288419519302,14.145520757465404,74.0203932993445,1017.4846321922796,23.876911871813547,74.0,11.812664896700463,9.43576110706482,10.253896576839038,2660.4
0.0,0.0,0.009691629955947136,0.000881057268722467,0.4669603524229075,0.029955947136563875,0.05814977973568282,0.14625550660792952,0.06519823788546256,0.001762114537444934,0.000881057268722467,0.0026431718061674008,0.0026431718061674008,0.010572687224669603,0.06607929515418502,0.044933920704845816,0.0933920704845815,14.321497797356828,69.27400881057268,1014.7335682819385,21.813215859030837,61.0,11.105804863816784,8.54748898678414,10.392863436123347,912.0
0.0,0.015384615384615385,0.014285714285714285,0.008791208791208791,0.4510989010989011,0.03241758241758242,0.06813186813186813,0.08461538461538462,0.0456043956043956,0.04230769230769231,0.008241758241758242,0.026923076923076925,0.023626373626373626,0.03241758241758242,0.057692307692307696,0.04835164835164835,0.04010989010989011,16.43456043956044,66.92472527472528,1013.3454395604396,21.215384615384615,82.0,12.11030697789806,9.794010989010989,13.119395604395605,3328.0
0.0,0.010638297872340425,0.011347517730496455,0.00851063829787234,0.08652482269503546,0.01276595744680851,0.014893617021276596,0.036170212765957444,0.04042553191489362,0.14893617021276595,0.019148936170212766,0.05390070921985816,0.15106382978723404,0.1453900709219858,0.1099290780141844,0.05177304964539007,0.09858156028368795,14.62404255319149,73.1886524822695,1012.6318439716312,16.97659574468085,82.0,12.040399261444001,9.677943262411347,11.396382978723404,1864.0
0.0,0.004679625629949604,0.0032397408207343412,0.004319654427645789,0.09755219582433405,0.004679625629949604,0.009719222462203024,0.020518358531317494,0.02591792656587473,0.18214542836573075,0.04463642908567315,0.10943124550035997,0.11231101511879049,0.11087113030957524,0.08531317494600432,0.06083513318934485,0.1238300935925126,16.025917926565874,68.76133909287257,1013.7643628509719,18.843052555795538,52.0,12.179135468245292,9.874082073434126,12.5093592512599,3146.0
0.0,0.005380200860832138,0.006456241032998565,0.007890961262553802,0.13952654232424677,0.01685796269727403,0.03837876614060258,0.03371592539454806,0.028335724533715925,0.23708751793400287,0.04411764705882353,0.11621233859397417,0.10760401721664276,0.09576757532281205,0.03479196556671449,0.036585365853658534,0.051291248206599714,18.484827833572453,66.2309899569584,1013.4293400286944,16.69368723098996,63.0,13.795358808455832,11.624426111908178,15.94038737446198,1968.8
0.0,0.005550686532281624,0.009640666082383873,0.011977797253870874,0.17470055506865323,0.009056383289512124,0.025124160093485247,0.034764826175869123,0.02366345311130587,0.27256792287467135,0.02424773590417762,0.12416009348524686,0.07800175284837861,0.06076541045866199,0.06368682442302075,0.03680981595092025,0.04528191644756062,22.489950335962607,56.82442302074204,1014.0512416009349,20.500438212094654,70.0,14.554714208635849,12.382763657610283,19.69293017820625,1174.2
0.0,0.009563658099222952,0.008965929468021518,0.019127316198445904,0.10430364614465033,0.007471607890017932,0.021518230723251645,0.03138075313807531,0.024506873879258817,0.18021518230723252,0.05588762701733413,0.12193664076509265,0.1022115959354453,0.08607292289300658,0.09563658099222953,0.04064554692169755,0.09055588762701733,21.397997609085476,60.358936043036465,1012.8392408846385,17.98625224148237,74.0,14.908566398499408,12.718141063956963,19.123998804542737,1737.4
0.0,0.008118701007838746,0.0033594624860022394,0.017357222844344905,0.17497200447928332,0.008958566629339306,0.031914893617021274,0.03443449048152296,0.031075027995520716,0.19988801791713326,0.04899216125419933,0.09434490481522956,0.0845464725643897,0.07334826427771557,0.0677491601343785,0.05403135498320269,0.06690929451287794,19.782138857782755,65.01119820828667,1018.8884658454648,16.561030235162374,61.0,14.634662937969399,12.530515117581187,17.779367301231805,1599.0
0.0,0.016101404590613225,0.03323055841041452,0.011990407673860911,0.2949640287769784,0.01644398766700925,0.0421377183967112,0.040082219938335044,0.013703323055841042,0.1236724905789654,0.03597122302158273,0.09489551216169921,0.06783144912641316,0.05481329222336417,0.050702295306611855,0.041109969167523124,0.06235011990407674,17.607057211373757,71.4820143884892,1017.6727646454265,16.988694758478932,74.0,14.087754310900749,11.945255224391914,15.329256594724221,4629.6
0.0,0.005039370078740157,0.008503937007874015,0.005984251968503937,0.5511811023622047,0.007559055118110236,0.023622047244094488,0.10015748031496063,0.04913385826771653,0.025196850393700787,0.007559055118110236,0.013228346456692913,0.046614173228346455,0.054803149606299215,0.03937007874015748,0.031181102362204723,0.030866141732283466,15.735653543307086,69.85228346456692,1018.4106141732284,20.958110236220474,72.0,12.252327339127541,9.950173228346456,12.508692913385826,1531.8
0.0,0.004127115146512587,0.0033016921172100704,0.0008254230293025176,0.3631861328931077,0.011143210895583986,0.05323978539001238,0.05323978539001238,0.029302517540239374,0.04209657449442839,0.004539826661163846,0.024349979364424266,0.06066859265373504,0.0821295914156005,0.1221626083367726,0.05323978539001238,0.09244737928188196,13.239867932315311,77.74824597606273,1020.5572018159307,17.994634750309533,83.0,11.768820840939785,9.348204704911268,10.267684688402806,1949.2
0.0,0.003714020427112349,0.0018570102135561746,0.0009285051067780873,0.298050139275766,0.003714020427112349,0.03064066852367688,0.14948932219127206,0.03714020427112349,0.008356545961002786,0.0064995357474466105,0.005571030640668524,0.012999071494893221,0.060352831940575676,0.17177344475394615,0.06963788300835655,0.1392757660167131,12.62246982358403,74.02692664809656,1017.810399257196,20.581244196843084,57.0,10.701337197517638,8.009842154131848,9.937325905292479,244.4
0.0,0.004078303425774877,0.0008156606851549756,0.0024469820554649264,0.22022838499184338,0.013866231647634585,0.03833605220228385,0.05791190864600326,0.04812398042414356,0.2096247960848287,0.013866231647634585,0.044861337683523655,0.07911908646003263,0.09543230016313213,0.06933115823817292,0.04567699836867863,0.05628058727569331,12.33548123980424,78.9437194127243,1026.3747145187601,13.251223491027732,57.0,11.170742848780336,8.623083197389885,10.783931484502448,537.0
0.0,0.02040816326530612,0.00709849157054126,0.012422360248447204,0.21561668145519078,0.0044365572315882874,0.023070097604259095,0.04614019520851819,0.030168589174800354,0.12422360248447205,0.007985803016858917,0.055013309671694766,0.08163265306122448,0.08606921029281278,0.1126885536823425,0.07275953859804792,0.1002661934338953,14.17746228926353,72.55545696539485,1015.6699201419698,17.77196095829636,83.0,11.562264307365366,9.077994676131322,12.150221827861579,1728.2
0.0,0.011848341232227487,0.00995260663507109,0.0071090047393364926,0.22274881516587677,0.013744075829383886,0.03459715639810427,0.03933649289099526,0.03175355450236967,0.16113744075829384,0.01848341232227488,0.08341232227488152,0.07535545023696683,0.10426540284360189,0.06872037914691943,0.03886255924170616,0.07867298578199051,16.94355450236967,65.91563981042654,1015.4138862559241,17.938388625592417,72.0,12.327925051640996,10.000236966824644,15.303791469194312,769.8
0.012048192771084338,0.018072289156626505,0.013901760889712697,0.014828544949026877,0.12233549582947173,0.015291936978683966,0.033364226135310475,0.028730305838739572,0.019462465245597776,0.2015755329008341,0.0319740500463392,0.09731232622798888,0.10426320667284522,0.10194624652455977,0.057460611677479144,0.038461538461538464,0.08897126969416126,18.00690454124189,63.071362372567194,1014.1916126042632,16.997683039851715,59.0,12.69059088697945,10.420435588507877,16.4887859128823,2793.4
0.025390027531355153,0.008259406546344448,0.005506271030896299,0.009177118384827165,0.08137044967880086,0.009177118384827165,0.014377485469562558,0.023248699908228816,0.017742428877332517,0.2951973080452738,0.047109207708779445,0.11807892321810952,0.11930253900275313,0.06791067604772101,0.06271030896298563,0.044967880085653104,0.050474151116549404,19.28473539308657,65.94126644233711,1011.148761089018,17.791373508718262,76.0,14.461161507989884,12.34655858060569,18.180850412970326,1627.8
0.013678696158323633,0.002619324796274738,0.007566938300349243,0.004947613504074505,0.10593713620488941,0.010768335273573923,0.033760186263096625,0.02619324796274738,0.0320139697322468,0.199941792782305,0.05878928987194412,0.1309662398137369,0.08410942956926659,0.0829452852153667,0.07159487776484284,0.04540162980209546,0.08876600698486613,20.05311408614668,65.35244470314319,1011.1424621653085,20.559371362048893,74.0,15.02227171743176,12.76638533178114,18.991763678696156,3721.4
0.02187938288920056,0.010659186535764377,0.014586255259467041,0.012903225806451613,0.14333800841514727,0.014305750350631136,0.04039270687237027,0.016830294530154277,0.01570827489481066,0.28078541374474053,0.025525946704067323,0.0964936886395512,0.11612903225806452,0.0726507713884993,0.03814866760168303,0.040112201963534364,0.03955119214586255,20.997531556802244,67.67798036465638,1017.0824403927069,18.619074333800842,102.0,16.29104327992453,14.148274894810658,20.543590462833098,2189.4
0.02959094865100087,0.005512039454598201,0.004641717435451117,0.008703220191470844,0.1795764432840151,0.009573542210617928,0.03220191470844212,0.03249202204815782,0.034522773426167684,0.15926892950391644,0.02639976791412823,0.06208297069915869,0.09196402668987526,0.0838410211778358,0.10327821293878735,0.048157818392805335,0.08819263127357121,17.913983173774298,65.21119814331303,1015.460110240789,18.316507107629825,74.0,13.062779947910911,10.81090803597331,16.536176385262547,1044.2
0.04201944183129508,0.007525870178739417,0.00658513640639699,0.007525870178739417,0.13577924114142365,0.01191596111633741,0.03041705863907181,0.032298526183756664,0.028222013170272814,0.15083098149890248,0.035120727500783946,0.06930072122922547,0.09814989024772657,0.10787080589526497,0.07463154593916588,0.044841643148322355,0.1169645656945751,15.033051113201632,75.07369081216682,1019.5604264659769,15.774223894637817,69.0,12.59074853482841,10.284415177171526,13.72903731577297,1878.6
0.016985138004246284,0.003821656050955414,0.0029723991507431,0.004670912951167728,0.3915074309978769,0.010615711252653927,0.07728237791932059,0.11464968152866242,0.049681528662420385,0.042887473460721866,0.003821656050955414,0.01740976645435244,0.059447983014861996,0.05562632696390658,0.05222929936305733,0.03524416135881104,0.061146496815286625,14.107898089171973,73.78811040339703,1019.3248407643312,21.496815286624205,70.0,11.637728559280104,9.165392781316347,11.88063694267516,1159.4
0.08732057416267942,0.03289473684210526,0.013157894736842105,0.008373205741626795,0.3038277511961722,0.010167464114832535,0.0430622009569378,0.07775119617224881,0.04904306220095694,0.07954545454545454,0.012559808612440191,0.041866028708133975,0.030502392344497607,0.04485645933014354,0.06399521531100479,0.035287081339712915,0.06578947368421052,12.416925837320573,79.62260765550239,1023.3388157894736,16.98744019138756,80.0,11.366821024481009,8.817882775119617,10.57183014354067,382.2
0.013714285714285714,0.0,0.0,0.002285714285714286,0.39885714285714285,0.004571428571428572,0.08685714285714285,0.072,0.026285714285714287,0.019428571428571427,0.0034285714285714284,0.016,0.037714285714285714,0.1702857142857143,0.04,0.025142857142857144,0.08342857142857144,11.515428571428572,80.35085714285714,1017.5326857142857,23.270857142857142,67.0,10.820634958203385,8.13097142857143,8.740114285714286,2608.2
0.07532051282051282,0.004006410256410256,0.00641025641025641,0.002403846153846154,0.13060897435897437,0.008012820512820512,0.008814102564102564,0.06330128205128205,0.028846153846153848,0.11378205128205128,0.004807692307692308,0.046474358974358976,0.06650641025641026,0.14983974358974358,0.10576923076923077,0.049679487179487176,0.13541666666666666,11.431009615384616,82.80528846153847,1021.6395833333333,15.776442307692308,50.0,11.066668115059441,8.45048076923077,9.618830128205127,1939.8
0.026755852842809364,0.008122312470138558,0.0019111323459149545,0.005733397037744864,0.31581462016244627,0.002866698518872432,0.05351170568561873,0.03201146679407549,0.019111323459149548,0.11753463927376971,0.023411371237458192,0.06497849976110846,0.05637840420449116,0.11514572384137602,0.048733874820831344,0.03201146679407549,0.07596751075011944,13.795795508838987,73.81844242713808,1022.3923076923078,19.34352603917821,61.0,11.271792539456367,8.719971333014811,11.65527950310559,805.0
0.02585604472396925,0.007337526205450734,0.011530398322851153,0.007686932215234102,0.27603074772886094,0.013626834381551363,0.06464011180992313,0.04682040531097135,0.023060796645702306,0.149895178197065,0.026554856743535988,0.06883298392732355,0.08630328441649196,0.06429070580013976,0.04437456324248777,0.039133473095737246,0.0440251572327044,17.634136967155836,67.4832285115304,1020.9072676450036,18.54961565338924,72.0,12.98104019686176,10.703633822501747,16.12543675751223,1111.8
0.017139295730757245,0.007790588968526021,0.004985976939856653,0.007167341851043939,0.14085384855095046,0.01121844811467747,0.028046120286693673,0.03365534434403241,0.028669367404175757,0.21096914926768465,0.03490183857899657,0.09504518541601745,0.10283577438454347,0.10564038641321284,0.059520099719538797,0.03708320349018386,0.07447803053910876,17.478404487379244,69.69741352446245,1014.408444998442,17.8625740105952,76.0,13.561412753415675,11.30174509192895,16.149330009348706,2824.2000000000003
0.027286356821589204,0.014092953523238382,0.013193403298350824,0.011094452773613194,0.17511244377811094,0.017991004497751123,0.035982008995502246,0.035082458770614694,0.025487256371814093,0.16581709145427287,0.037181409295352325,0.08995502248875563,0.08605697151424288,0.07166416791604198,0.06836581709145427,0.047976011994003,0.07766116941529236,21.069235382308843,62.27706146926537,1014.6376911544229,19.191004497751123,76.0,14.739590755901604,12.494632683658171,20.11802098950525,1372.8
0.019791666666666666,0.0140625,0.015364583333333333,0.015625,0.121875,0.018229166666666668,0.04583333333333333,0.018489583333333334,0.018229166666666668,0.24895833333333334,0.05286458333333333,0.11380208333333333,0.12630208333333334,0.07552083333333333,0.03229166666666667,0.0265625,0.03619791666666667,20.682942708333332,67.70442708333333,1013.5765104166666,17.702604166666667,78.0,16.019471168908908,13.881588541666668,20.081953125,2740.8
0.012679162072767364,0.006063947078280044,0.003583241455347299,0.011300992282249173,0.0934399117971334,0.006890848952590959,0.013230429988974642,0.016262403528114665,0.009371554575523704,0.25633958103638366,0.046857772877618525,0.12872105843439913,0.13175303197353913,0.1314773980154355,0.03858875413450937,0.02701212789415656,0.06642778390297685,20.346527012127893,66.32635060639471,1015.0947353914003,17.750551267916208,69.0,15.519923464768338,13.41287210584344,19.646582138919516,441.4
0.025571273122959738,0.01441784548422198,0.011153427638737758,0.015778019586507073,0.14091403699673558,0.011697497279651796,0.030467899891186073,0.023122959738846573,0.01441784548422198,0.2116430903155604,0.03998911860718172,0.11044613710554951,0.11071817192600653,0.09249183895538629,0.0544069640914037,0.03808487486398259,0.05467899891186072,20.139717083786728,69.06528835690969,1018.0958378672469,16.306039173014145,65.0,15.913377575661082,13.599673558215452,19.800489662676824,1811.2
0.017151162790697675,0.0034883720930232558,0.006395348837209302,0.007558139534883721,0.3447674418604651,0.009883720930232558,0.06627906976744186,0.04534883720930233,0.030813953488372094,0.10755813953488372,0.020348837209302327,0.05465116279069768,0.05755813953488372,0.06191860465116279,0.061046511627906974,0.044767441860465114,0.06046511627906977,17.140377906976745,68.1531976744186,1021.708488372093,17.86627906976744,63.0,12.87681436648012,10.584127906976745,15.830058139534884,3106.0
0.0037546933667083854,0.00041718815185648727,0.0050062578222778474,0.00041718815185648727,0.4363788068418857,0.020859407592824362,0.1047142261159783,0.13850646641635378,0.05548602419691281,0.006675010429703796,0.0012515644555694619,0.0025031289111389237,0.008343763037129746,0.02753441802252816,0.0755110554860242,0.0625782227784731,0.05006257822277847,16.2909887359199,67.62119315811431,1013.3944931163956,26.02503128911139,78.0,12.354805735107389,9.97872340425532,13.883270755110553,2723.0
0.07166430928807166,0.0014144271570014145,0.0023573785950023575,0.0004714757190004715,0.338991041961339,0.006129184347006129,0.03206034889203206,0.10325318246110325,0.04384724186704385,0.07402168788307402,0.006129184347006129,0.04101838755304102,0.037246581801037244,0.04337576614804337,0.08533710513908534,0.06553512494106553,0.04714757190004715,12.119094766619519,85.44082979726544,1012.5568599717114,16.74964639321075,67.0,12.030340005161806,9.611881188118812,10.497784064120697,2424.2
0.0533462657613967,0.004849660523763337,0.004364694471387003,0.0009699321047526673,0.3937924345295829,0.00533462657613967,0.07032007759456838,0.11445198836081474,0.048011639185257034,0.1280310378273521,0.01212415130940834,0.020853540252182348,0.02667313288069835,0.019398642095053348,0.030552861299709022,0.03152279340446169,0.03540252182347236,12.284287099903008,82.41707080504365,1017.65916585839,20.99612027158099,72.0,11.67384215393024,9.208729388942775,9.963627546071775,3511.4
0.020482809070958303,0.001463057790782736,0.0021945866861741038,0.0021945866861741038,0.4059985369422092,0.005852231163130944,0.08412582297000731,0.1075347476225311,0.05413313825896123,0.07095830285296269,0.0043891733723482075,0.023408924652523776,0.043891733723482075,0.08193123628383321,0.03145574250182882,0.021945866861741038,0.038039502560351136,13.00431602048281,76.30285296269203,1018.4376005852231,21.21872713972202,72.0,11.18034477444543,8.596269202633504,10.450182882223848,2302.4
0.0475448168355417,0.013639906469212782,0.014809041309431021,0.00779423226812159,0.2907248636009353,0.024162120031176928,0.0798908807482463,0.0740452065471551,0.03078721745908028,0.08534684333593141,0.018706157443491817,0.03156664068589244,0.056508183943881525,0.060015588464536244,0.06430241621200312,0.03156664068589244,0.06858924395947,13.266484801247078,78.28916601714731,1015.4190958690568,17.621979734996103,67.0,11.722538960489265,9.267069368667187,11.3076773187841,4546.2
0.01224177505738332,0.0045906656465187455,0.0038255547054322878,0.001530221882172915,0.3228768171384851,0.008416220351951033,0.02448355011476664,0.12547819433817903,0.07345065034429993,0.0757459831675593,0.011476664116296864,0.03749043611323642,0.042081101759755164,0.03978576893649579,0.07498087222647284,0.06579954093343535,0.0757459831675593,15.389058913542463,68.76358071920428,1011.1428462127008,23.468247895944913,96.0,11.612052777823704,9.11476664116297,12.828309104820198,1602.8
0.014803149606299212,0.009763779527559056,0.010708661417322834,0.010078740157480314,0.1325984251968504,0.009763779527559056,0.01700787401574803,0.04251968503937008,0.028346456692913385,0.2053543307086614,0.037480314960629924,0.09858267716535433,0.09763779527559055,0.10929133858267717,0.055433070866141736,0.023622047244094488,0.09700787401574804,16.04532283464567,70.5467716535433,1013.59231496063,18.0844094488189,76.0,12.515423846976146,10.172787401574803,14.287464566929133,1351.2
0.02611600364409353,0.01730944427573641,0.01032493167324628,0.009413908290312785,0.17856058305496508,0.015183723048891588,0.05952019435165502,0.04949893713938658,0.020042514424536896,0.18129365320376556,0.033707865168539325,0.08958396598846037,0.07804433647130277,0.0832068023079259,0.045854843607652594,0.03461888855147282,0.06771940479805648,19.919769207409658,64.35165502581233,1011.3888855147283,18.954752505314303,76.0,14.55483350755671,12.170057698147586,18.83325235347707,2583.4
0.024555249310949635,0.00851916812828865,0.009771986970684038,0.016036081182660988,0.16061137559508895,0.010523678276121273,0.02505637684790779,0.03507892758707091,0.02280130293159609,0.21072412929090453,0.04635429716862942,0.10598847406664996,0.08920070157855174,0.10724129290904535,0.04159358556752694,0.031821598596842894,0.05412177399148083,20.78133299924831,63.60060135304435,1012.6796792783764,16.661237785016286,63.0,15.149382536669414,12.979077925331996,19.917288900025056,1151.2
0.033787788974510964,0.008298755186721992,0.01007705986959099,0.018375815056312982,0.16597510373443983,0.01066982809721399,0.02222880853586248,0.03467694131594547,0.024303497332542976,0.16152934202726735,0.04534676941315945,0.12003556609365738,0.09010077059869591,0.08358032009484291,0.061351511558980436,0.04060462359217546,0.06905749851807944,19.767190278601067,64.2913455838767,1015.3636633076467,18.267338470657972,80.0,14.442313062837808,12.191078838174272,18.71544161232958,2140.2
0.039898348157560354,0.012452350698856416,0.011689961880559084,0.020076238881829734,0.20050825921219823,0.01372299872935197,0.028970775095298603,0.048284625158831,0.026937738246505718,0.14587039390088946,0.05768742058449809,0.12325285895806862,0.06886912325285896,0.04498094027954257,0.06709021601016518,0.04294790343074968,0.04675984752223634,21.13644218551461,67.24447268106735,1015.9640914866583,17.23659466327827,78.0,16.36030794104433,14.101270648030496,20.854612452350697,1819.6
0.03909465020576132,0.004703115814226925,0.009700176366843033,0.005878894767783657,0.28365667254556143,0.017930629041740153,0.047912992357436804,0.04350382128159906,0.03409758965314521,0.0720164609053498,0.014109347442680775,0.040858318636096416,0.06731334509112287,0.09347442680776014,0.08436213991769548,0.0564373897707231,0.08495002939447384,16.412933568489127,73.86037624926514,1021.7859788359788,17.044091710758376,63.0,13.488467404482057,11.235214579659024,15.372251616696062,5295.6
0.0458970792767733,0.013908205841446454,0.015299026425591099,0.0076495132127955496,0.3758692628650904,0.0260778859527121,0.07649513212795549,0.07336578581363004,0.039638386648122394,0.06084840055632823,0.014603616133518776,0.02294853963838665,0.03929068150208623,0.039638386648122394,0.0584144645340751,0.0351182197496523,0.05493741307371349,13.619123783031988,77.30146036161335,1021.4859527121001,15.971140472878998,69.0,11.864428480406836,9.464847009735745,12.05827538247566,706.4
0.12274176408076515,0.0037194473963868225,0.0010626992561105207,0.003188097768331562,0.24973432518597238,0.009564293304994687,0.014346439957492029,0.07013815090329437,0.04250797024442083,0.0536663124335813,0.003188097768331562,0.0281615302869288,0.049415515409139216,0.07970244420828905,0.11370882040382571,0.06269925611052073,0.0924548352816153,11.464558979808714,82.41073326248672,1028.8100425079701,11.78480340063762,50.0,11.031123426662507,8.40510095642933,10.105844845908608,496.6
0.010294117647058823,0.0,0.0,0.0,0.425,0.0,0.013235294117647059,0.12941176470588237,0.08970588235294118,0.014705882352941176,0.0,0.013235294117647059,0.052941176470588235,0.07647058823529412,0.04852941176470588,0.0661764705882353,0.060294117647058824,11.664852941176472,79.20294117647059,1014.4274999999999,20.733823529411765,52.0,10.785842126670245,8.081617647058824,9.197647058823529,999.0
0.01335559265442404,0.001669449081803005,0.005008347245409015,0.0,0.4240400667779633,0.008347245409015025,0.04340567612687813,0.1352253756260434,0.1001669449081803,0.03005008347245409,0.001669449081803005,0.011686143572621035,0.028380634390651086,0.04340567612687813,0.0651085141903172,0.05175292153589316,0.03672787979966611,12.358263772954926,79.12186978297161,1014.6086811352253,20.325542570951587,67.0,11.216413017582479,8.617863105175292,10.083973288814692,814.0
0.017766497461928935,0.011421319796954314,0.011421319796954314,0.0012690355329949238,0.25,0.017766497461928935,0.05203045685279188,0.0850253807106599,0.07868020304568528,0.03426395939086294,0.013959390862944163,0.01903553299492386,0.024111675126903553,0.06852791878172589,0.11928934010152284,0.10025380710659898,0.09517766497461928,14.509010152284265,70.69289340101523,1010.1855329949238,19.86294416243655,59.0,11.436653110665,8.898350253807106,12.54771573604061,1379.2
0.024881516587677725,0.005924170616113744,0.00631911532385466,0.009478672985781991,0.24131121642969985,0.017377567140600316,0.050157977883096366,0.03949447077409163,0.02132701421800948,0.13507109004739337,0.019352290679304898,0.08451816745655608,0.07819905213270142,0.09439178515007898,0.045023696682464455,0.038704581358609796,0.08846761453396525,16.127330173775672,70.51935229067931,1017.2048973143759,18.89968404423381,74.0,12.49190890197313,10.147314375987362,14.446011058451818,1614.2
0.025407779171894605,0.027289836888331243,0.02383939774153074,0.031994981179422836,0.2452948557089084,0.04109159347553325,0.06649937264742785,0.04799247176913425,0.023525721455457966,0.10915934755332497,0.037641154328732745,0.08061480552070263,0.04736511919698871,0.04987452948557089,0.05834378920953576,0.03732747804265998,0.04673776662484316,21.321863237139276,64.77509410288582,1016.9946361355081,17.473337515683813,69.0,15.45016540506978,13.274404015056463,20.873180677540777,3107.4
0.025244719216898505,0.01184956208140134,0.011334363730036065,0.014425553838227717,0.12313240597630087,0.01287995878413189,0.028851107676455434,0.02498712004121587,0.011334363730036065,0.20530654301906234,0.04173106646058733,0.13034518289541475,0.09556929417825863,0.08887171561051005,0.062596599690881,0.03580628541988665,0.07573415765069552,19.45293663060278,66.04791344667697,1012.4125193199382,17.804224626481194,93.0,14.46199216832523,12.290649149922722,18.406697578567748,8609.2
0.021282117830262133,0.010641058915131067,0.008305216714248637,0.017908123540098624,0.12847132104853362,0.012198287049052686,0.02517518816506618,0.019724889696340515,0.017648585517778353,0.24033220866856994,0.04048793148196211,0.12795224500389307,0.11212042564235661,0.08694523747729042,0.05294575655333506,0.022060731897222942,0.05580067479885803,21.46400207630418,65.59226576693486,1012.5028289644432,18.06722034778095,72.0,16.387131812822762,14.020840903192319,21.042512328056063,4330.6
0.01478415138971023,0.006505026611472502,0.008574807806031934,0.01212300413956239,0.17267888823181549,0.00768775872264932,0.04287403903015967,0.03666469544648137,0.031638083973979894,0.20047309284447073,0.04937906564163217,0.10733293908929628,0.06771141336487285,0.05943228858663513,0.0706682436428149,0.048196333530455354,0.06327616794795979,21.57037256061502,60.69101123595506,1013.8262566528681,19.088113542282674,76.0,15.08712604773646,12.8989946777055,20.699112950916614,88.2
0.023700742432895487,0.011136493432324385,0.008280982295830954,0.014277555682467162,0.18446601941747573,0.009994288977727013,0.02027412906910337,0.04054825813820674,0.02741290691033695,0.15562535693889207,0.0508280982295831,0.12478583666476299,0.08737864077669903,0.07481439177612793,0.0719588806396345,0.03769274700171331,0.056824671616219305,19.648001142204457,61.89034837235865,1018.1552541404913,18.193889206167903,76.0,13.512816774484735,11.3153912050257,18.404254711593374,1687.2
0.04871720957048141,0.007494955318535601,0.006918420294032862,0.00835975785528971,0.21245315652925914,0.01614298068607668,0.025944076102623233,0.0553473623522629,0.04756413952147593,0.13058518304987027,0.02796194868838282,0.09138080138368405,0.0665897953300663,0.08042663591813203,0.06457192274430672,0.05102334966849236,0.05851830498702796,16.62744306716633,72.42490631305851,1018.6838858460651,14.87143268953589,82.0,13.34050664881972,11.13597578552897,15.789420582300375,1136.2
0.009673518742442563,0.0024183796856106408,0.00040306328093510683,0.002015316404675534,0.2184602982668279,0.0032245062474808546,0.025796049979846837,0.039500201531640466,0.018540910923014912,0.07859733978234583,0.0036275695284159614,0.018137847642079808,0.09391374445787988,0.12051592099959693,0.1600161225312374,0.04514308746473196,0.1600161225312374,13.914268440145104,75.38653768641677,1023.8372027408303,19.85006045949214,72.0,11.810541130288287,9.380975413139863,12.045384925433293,3092.8
0.10245128849780012,0.008170961659333752,0.003771213073538655,0.0056568196103079825,0.2998114393463231,0.01005656819610308,0.05216844751728473,0.05342551854179761,0.01508485229415462,0.07353865493400377,0.021370207416719043,0.061596480201131364,0.07919547454431175,0.08233815210559396,0.041483343808925204,0.010685103708359522,0.07919547454431175,11.610307982401006,83.73350094280327,1022.5762413576367,17.857322438717787,76.0,11.307077875501344,8.762225015713389,9.552985543683217,1374.4
0.009900990099009901,0.0,0.0,0.0,0.4198019801980198,0.0,0.02178217821782178,0.11683168316831684,0.04356435643564356,0.0,0.0,0.0,0.031683168316831684,0.14455445544554454,0.03762376237623762,0.03564356435643564,0.13861386138613863,13.09920792079208,72.86138613861387,1014.2338613861385,25.736633663366337,78.0,10.82283094428651,8.126534653465345,10.319603960396039,351.2
0.017721518987341773,0.0,0.0,0.0,0.17468354430379746,0.0,0.020253164556962026,0.053164556962025315,0.06835443037974684,0.012658227848101266,0.0,0.0,0.043037974683544304,0.04810126582278481,0.32151898734177214,0.053164556962025315,0.18734177215189873,11.883544303797468,77.70379746835442,1012.6810126582278,20.40759493670886,61.0,10.702523581273004,7.978987341772151,9.481518987341772,383.8
0.029017857142857144,0.012276785714285714,0.010044642857142858,0.004464285714285714,0.2109375,0.012276785714285714,0.06473214285714286,0.03236607142857143,0.03236607142857143,0.09933035714285714,0.024553571428571428,0.056919642857142856,0.06919642857142858,0.06696428571428571,0.11607142857142858,0.06361607142857142,0.09486607142857142,13.80435267857143,72.59151785714286,1019.571205357143,18.198660714285715,69.0,11.191093528683748,8.616964285714285,11.795758928571429,284.6
0.03793814432989691,0.009072164948453608,0.01443298969072165,0.003711340206185567,0.2197938144329897,0.030927835051546393,0.11298969072164948,0.05731958762886598,0.03793814432989691,0.14804123711340206,0.013608247422680412,0.07917525773195876,0.0577319587628866,0.0622680412371134,0.04164948453608248,0.032989690721649485,0.04041237113402062,16.645649484536083,67.16123711340207,1017.7563298969072,18.86226804123711,67.0,12.291736123514594,9.91043298969072,14.698804123711339,994.6
0.014959349593495935,0.015609756097560976,0.012357723577235772,0.006178861788617886,0.1678048780487805,0.020162601626016262,0.04065040650406504,0.02959349593495935,0.027317073170731707,0.20130081300813008,0.0224390243902439,0.11479674796747967,0.08097560975609756,0.10341463414634146,0.045853658536585365,0.020162601626016262,0.07642276422764227,17.280422764227644,69.65626016260163,1011.8496910569105,19.595447154471543,82.0,13.187473978180007,10.92530081300813,15.692650406504066,5918.0
0.029000790930661744,0.00896388083311363,0.008700237279198523,0.008436593725283418,0.17057737938307407,0.01792776166622726,0.039546533087266016,0.04350118639599262,0.024255206960189825,0.20511468494595309,0.026891642499340892,0.09148431320854206,0.10018455048774058,0.0935934616398629,0.04719219615080411,0.026891642499340892,0.057737938307408386,20.30345373055629,69.63459003427366,1012.6890587925126,16.896124439757447,67.0,15.865720781746958,13.729079883996837,19.762931716319535,6625.6
0.03279515640766902,0.009334006054490415,0.009838546922300706,0.013118062563067608,0.10544904137235116,0.013622603430877902,0.029515640766902117,0.026488395560040363,0.018163471241170535,0.2671543895055499,0.03809283551967709,0.15993945509586277,0.08703329969727548,0.06281533804238143,0.05575176589303733,0.03153380423814329,0.039354187689202826,21.898309788092835,64.46972754793138,1013.3683148335015,17.54212916246216,72.0,16.50328860221202,14.256483350151361,21.533274470232087,972.1999999999999
0.01729559748427673,0.010377358490566037,0.007861635220125786,0.016666666666666666,0.15974842767295597,0.010691823899371069,0.024213836477987423,0.04465408805031446,0.031761006289308176,0.1861635220125786,0.062264150943396226,0.1169811320754717,0.07515723270440251,0.07515723270440251,0.0559748427672956,0.03490566037735849,0.07012578616352201,20.87716981132075,63.3874213836478,1015.3189622641509,18.327672955974844,70.0,15.274231965695028,13.04993710691824,20.156037735849054,995.4000000000001
0.010302841086481423,0.00842959725257571,0.014985950671245708,0.010927255697783328,0.18482672494536373,0.016234779893849517,0.02653762098033094,0.03777708398376522,0.03496721823290665,0.15017171401810803,0.024976584452076178,0.09241336247268186,0.07867624102403996,0.08741804558226662,0.08273493599750234,0.05026537620980331,0.08835466749921948,20.43190758663753,66.97408679363097,1015.6887917577272,17.159850140493287,61.0,15.523503212647535,13.247393068997814,19.906587574149235,535.4
0.016477857878475798,0.0054926192928252664,0.0054926192928252664,0.007552351527634741,0.27154136628904907,0.006179196704428424,0.04840370751802266,0.05149330587023687,0.04153793340199107,0.08616546515619636,0.01956745623069001,0.08582217645039478,0.0641949879848953,0.08101613456917267,0.08513559903879163,0.03913491246138002,0.08479231033299005,17.221249570889118,64.4370065224854,1022.7096464126331,17.818056985925164,95.0,12.12612338770199,9.731788534157227,15.773189152076897,191.0
0.0196078431372549,0.0035650623885918,0.0021390374331550803,0.0024955436720142605,0.39358288770053473,0.0074866310160427805,0.057754010695187166,0.07593582887700535,0.07557932263814617,0.043493761140819966,0.00285204991087344,0.019964349376114084,0.05846702317290552,0.06631016042780749,0.0570409982174688,0.033155080213903745,0.08057040998217468,14.670231729055258,72.374688057041,1022.1527985739751,20.545811051693406,72.0,11.917512553872296,9.489304812834225,12.675294117647057,1675.8
0.01679790026246719,0.0010498687664041995,0.0010498687664041995,0.0026246719160104987,0.4414698162729659,0.004199475065616798,0.08241469816272966,0.08661417322834646,0.03779527559055118,0.06509186351706037,0.004724409448818898,0.026771653543307086,0.048293963254593175,0.06194225721784777,0.02047244094488189,0.02257217847769029,0.07611548556430446,12.969868766404199,76.8755905511811,1023.0936482939632,21.390551181102364,78.0,11.357506140225434,8.815958005249344,10.752125984251968,1698.6000000000001
0.028691392582225334,0.0,0.00489853044086774,0.0,0.30370888733379986,0.005598320503848845,0.04828551434569629,0.08467459762071379,0.05948215535339398,0.0489853044086774,0.0027991602519244225,0.01819454163750875,0.026592022393282014,0.09307207837648705,0.10426871938418475,0.05668299510146956,0.11406578026592022,11.836808957312806,80.81665500349895,1023.6566130160952,18.51294611616515,69.0,11.107059320210436,8.490412876137158,9.811966410076977,1385.4
0.07434052757793765,0.004796163069544364,0.004796163069544364,0.0,0.07793764988009592,0.005995203836930456,0.009592326139088728,0.019184652278177457,0.02997601918465228,0.023980815347721823,0.0035971223021582736,0.005995203836930456,0.09112709832134293,0.2290167865707434,0.1223021582733813,0.047961630695443645,0.24940047961630696,10.992446043165469,84.89448441247002,1023.8994004796162,17.67146282973621,61.0,11.052380728369549,8.443764988009592,9.06990407673861,992.4
0.0125,0.0013157894736842105,0.0013157894736842105,0.0013157894736842105,0.3006578947368421,0.020394736842105264,0.10921052631578948,0.07894736842105263,0.05263157894736842,0.03289473684210526,0.011842105263157895,0.04078947368421053,0.03618421052631579,0.06842105263157895,0.09144736842105264,0.04868421052631579,0.09144736842105264,14.406973684210525,72.88157894736842,1018.6447368421053,20.26644736842105,80.0,11.511660535448463,9.013684210526316,12.278026315789473,1572.2
0.022673031026252982,0.011535401750198886,0.00994431185361973,0.010739856801909307,0.190533015115354,0.008353221957040573,0.031026252983293555,0.03778838504375497,0.01988862370723946,0.1579156722354813,0.04295942720763723,0.11654733492442323,0.08273667462211615,0.13166268894192523,0.049323786793953855,0.017501988862370723,0.0588703261734288,15.0324184566428,70.72513922036595,1018.7722752585521,16.530628480509147,61.0,11.689961145266277,9.200914876690533,13.25612569610183,886.2
0.020553691275167787,0.005453020134228188,0.00964765100671141,0.007550335570469799,0.1476510067114094,0.010906040268456376,0.03649328859060403,0.041107382550335574,0.03607382550335571,0.11870805369127517,0.027684563758389263,0.09186241610738255,0.07843959731543625,0.10822147651006711,0.09144295302013423,0.051593959731543626,0.11661073825503356,16.079739932885907,70.15813758389261,1013.29144295302,18.550335570469798,70.0,12.332357751175646,9.952390939597315,14.390058724832215,2638.6
0.018556701030927835,0.00471281296023564,0.004123711340206186,0.01443298969072165,0.08512518409425626,0.00235640648011782,0.01561119293078056,0.023564064801178203,0.01207658321060383,0.2329896907216495,0.05036818851251841,0.17407952871870397,0.1219440353460972,0.10662739322533137,0.042709867452135494,0.01914580265095729,0.07157584683357879,18.891516936671575,66.32488954344625,1015.0257142857142,19.171134020618556,82.0,13.940096784184167,11.709837997054493,17.60359351988218,152.0
0.024043433298862462,0.016028955532574975,0.012150982419855223,0.019131334022750777,0.14968976215098242,0.012409513960703205,0.022750775594622543,0.025077559462254394,0.021199586349534644,0.20217166494312305,0.05325749741468459,0.1346949327817994,0.09177869700103412,0.07704239917269907,0.05015511892450879,0.03205791106514995,0.05635987590486039,20.214089968976218,67.51370217166495,1012.8223629782833,18.72182006204757,85.0,15.285386935191186,13.126861427094104,19.471251292657705,7451.8
0.021652421652421653,0.011680911680911682,0.0065527065527065526,0.03190883190883191,0.04415954415954416,0.008262108262108263,0.013105413105413105,0.022792022792022793,0.019373219373219373,0.19230769230769232,0.041025641025641026,0.10427350427350428,0.12222222222222222,0.1415954415954416,0.08974358974358974,0.02905982905982906,0.10028490028490028,19.6291452991453,75.74900284900285,1014.4644729344728,17.06780626780627,57.0,17.287904280961346,14.866438746438746,19.527122507122506,5414.8
0.020043336944745395,0.007583965330444204,0.006229685807150596,0.007313109425785482,0.23645720476706392,0.025460455037919827,0.10238353196099675,0.014897074756229686,0.014084507042253521,0.16143011917659805,0.03683640303358613,0.07854821235102925,0.10373781148429036,0.056879739978331526,0.039815817984832066,0.04198266522210184,0.046316359696641385,18.41029252437703,65.71858071505959,1019.7784398699891,18.16765980498375,61.0,13.420884499660099,11.199756229685807,16.96671180931744,1855.6
0.0371591249625412,0.004195385076415942,0.0029967036260113876,0.005094396164219359,0.2831884926580761,0.0068924183398261915,0.14414144441114773,0.04315253221456398,0.0386574767755469,0.047347917290979924,0.008690440515433023,0.015882529217860354,0.047347917290979924,0.06532813904704825,0.08061132753970632,0.06382978723404255,0.10548396763560083,15.415642792927779,74.69823194486065,1015.7947857356908,17.433323344321245,76.0,12.871531644613588,10.579622415343122,13.995085406053342,7093.0
0.025210084033613446,0.0012004801920768306,0.007202881152460984,0.0012004801920768306,0.32653061224489793,0.021208483393357343,0.25890356142456983,0.027210884353741496,0.024009603841536616,0.05002000800320128,0.0028011204481792717,0.010404161664665866,0.08363345338135254,0.053621448579431776,0.029611844737895156,0.024409763905562223,0.05282112845138055,13.138375350140057,76.45698279311725,1021.2892757102841,19.7374949979992,78.0,11.354343965551447,8.820248099239695,10.927490996398559,2328.6
0.0785392696348174,0.0015007503751875938,0.005502751375687844,0.0005002501250625312,0.272136068034017,0.027013506753376687,0.1535767883941971,0.05302651325662831,0.06303151575787894,0.03801900950475238,0.004502251125562781,0.009504752376188095,0.04952476238119059,0.061030515257628815,0.0670335167583792,0.06603301650825413,0.04952476238119059,12.465482741370685,80.76538269134568,1019.2750875437719,18.66033016508254,74.0,11.564517516908943,9.081640820410206,10.484042021010504,947.8
0.047968885047536734,0.014693171996542784,0.012100259291270527,0.009075194468452896,0.07433016421780467,0.01598962834917891,0.09031979256698358,0.009939498703543647,0.01296456352636128,0.15773552290406223,0.00216076058772688,0.02679343128781331,0.11235955056179775,0.10155574762316336,0.13353500432152118,0.06741573033707865,0.11106309420916162,10.80125324114088,89.11192739844425,1024.5024200518583,14.584701815038894,61.0,11.451754297562887,8.952679343128782,9.265557476231633,1372.4
0.04755944931163955,0.0012515644555694619,0.0012515644555694619,0.0025031289111389237,0.2146433041301627,0.008135168961201502,0.1902377972465582,0.025657071339173967,0.03128911138923655,0.08072590738423029,0.015644555694618274,0.07133917396745933,0.056320400500625784,0.04505632040050062,0.06195244055068836,0.038172715894868585,0.10826032540675845,11.791113892365457,84.62765957446808,1013.9515644555695,18.853566958698373,82.0,11.642579720819056,9.159574468085106,9.681914893617021,1878.8
0.04141656662665066,0.00900360144057623,0.013805522208883553,0.007202881152460984,0.2298919567827131,0.06062424969987995,0.23469387755102042,0.02581032412965186,0.025210084033613446,0.04981992797118848,0.004201680672268907,0.006002400960384154,0.04201680672268908,0.06842737094837935,0.06842737094837935,0.04561824729891957,0.06782713085234093,15.096278511404563,73.14945978391357,1019.958043217287,21.362545018007204,96.0,12.214839500364489,9.834753901560624,13.116326530612245,752.0
0.03871829105473965,0.006675567423230975,0.0053404539385847796,0.010013351134846462,0.16421895861148197,0.007343124165554072,0.0787716955941255,0.02369826435246996,0.041054739652870494,0.16388518024032042,0.019025367156208277,0.04706275033377837,0.16221628838451269,0.07977303070761015,0.05507343124165554,0.062082777036048066,0.035046728971962614,15.251535380507343,75.87883845126836,1015.4809412550067,18.89252336448598,83.0,12.748656494909802,10.44148865153538,13.501702269692924,1874.8
0.030483764082173626,0.007952286282306162,0.01656726308813784,0.008614976805831677,0.22332670642809807,0.029489728296885353,0.14910536779324055,0.03445990722332671,0.03512259774685222,0.12458581842279655,0.015573227302849569,0.036779324055666,0.07488402915838303,0.07223326706428099,0.042743538767395624,0.03545394300861498,0.06262425447316103,19.48721007289596,63.74519549370444,1013.7961232604374,18.76209410205434,70.0,13.663967989482137,11.408349900596422,18.120775347912524,1445.4
0.012610770279481936,0.004430811179277437,0.006816632583503749,0.0054533060668029995,0.15303340149965916,0.012951601908657124,0.07566462167689161,0.011588275391956374,0.034764826175869123,0.1796182685753238,0.022494887525562373,0.0541922290388548,0.1356509884117246,0.08759372869802318,0.06475800954328562,0.050102249488752554,0.08827539195637356,18.15122699386503,66.02999318336741,1014.4157805044308,20.236877982276756,76.0,13.35337151108872,11.083060668029994,16.66223585548739,1782.6
0.016595289079229122,0.017933618843683084,0.014989293361884369,0.011777301927194861,0.08297644539614561,0.028640256959314776,0.06504282655246253,0.015256959314775161,0.017130620985010708,0.1940578158458244,0.02917558886509636,0.06798715203426124,0.14855460385438973,0.07976445396145611,0.07494646680942184,0.04416488222698073,0.09100642398286937,19.9958244111349,67.87714132762312,1013.564453961456,18.451017130620986,56.0,15.341444382418143,13.158404710920772,19.291167023554603,7324.6
0.021015761821366025,0.011675423234092236,0.012551079976649154,0.012259194395796848,0.1339754816112084,0.03677758318739054,0.09603035610040864,0.01634559252772913,0.030064214827787508,0.1932282545242265,0.025102159953298307,0.060128429655575015,0.1237594862813777,0.08493870402802102,0.043490951546993575,0.03823701109165207,0.06042031523642732,19.63476357267951,63.838295388207825,1012.6696730881494,18.466725043782837,80.0,14.25130612996635,12.051371862230006,18.539550496205486,460.2
0.0335608646188851,0.00739476678043231,0.009670079635949944,0.011376564277588168,0.11035267349260523,0.024459613196814563,0.034698521046643914,0.023321956769055744,0.0335608646188851,0.11888509670079636,0.02844141069397042,0.05745164960182025,0.10352673492605233,0.12343572241183162,0.08304891922639362,0.059726962457337884,0.13708759954493743,17.878555176336747,74.386803185438,1015.7154721274176,15.00910125142207,59.0,15.103493736321312,12.886916951080774,17.45858930602958,1666.4
0.03225806451612903,0.0018975332068311196,0.004743833017077799,0.006641366223908918,0.174573055028463,0.006641366223908918,0.06072106261859583,0.03795066413662239,0.027514231499051234,0.12903225806451613,0.024667931688804556,0.05028462998102467,0.05787476280834915,0.08349146110056926,0.1062618595825427,0.08444022770398482,0.1110056925996205,15.984250474383304,72.72485768500948,1020.5815939278938,15.289373814041745,65.0,12.786407804108562,10.495635673624289,14.855313092979127,572.0
0.0330188679245283,0.0,0.01179245283018868,0.0023584905660377358,0.23702830188679244,0.018867924528301886,0.17099056603773585,0.03891509433962264,0.03537735849056604,0.07193396226415094,0.02240566037735849,0.02830188679245283,0.02358490566037736,0.04009433962264151,0.1179245283018868,0.0625,0.08490566037735849,13.962264150943396,76.34905660377359,1020.2307783018867,17.77122641509434,80.0,11.866439358545879,9.424528301886792,12.337853773584905,1152.0
0.020879120879120878,0.004395604395604396,0.006593406593406593,0.0032967032967032967,0.21208791208791208,0.025274725274725275,0.2571428571428571,0.02967032967032967,0.03296703296703297,0.08021978021978023,0.002197802197802198,0.014285714285714285,0.08351648351648351,0.05824175824175824,0.08241758241758242,0.03956043956043956,0.04725274725274725,12.081978021978022,82.4076923076923,1016.32010989011,19.876923076923077,83.0,11.50121254669002,9.004945054945056,10.034835164835165,1044.0
0.013513513513513514,0.0,0.0,0.0,0.4166666666666667,0.009009009009009009,0.2905405405405405,0.07432432432432433,0.02027027027027027,0.018018018018018018,0.006756756756756757,0.0022522522522522522,0.009009009009009009,0.013513513513513514,0.05405405405405406,0.013513513513513514,0.05855855855855856,11.948198198198199,80.18018018018019,1010.5382882882883,23.01801801801802,57.0,11.114091763313873,8.520495495495496,9.229279279279279,368.2
0.018281535648994516,0.0,0.0018281535648994515,0.0,0.2943327239488117,0.014625228519195612,0.10786106032906764,0.04570383912248629,0.051188299817184646,0.03656307129798903,0.0018281535648994515,0.009140767824497258,0.021937842778793418,0.07312614259597806,0.12979890310786105,0.07495429616087751,0.11882998171846434,11.883363802559415,78.78062157221207,1020.3824497257768,18.985374771480803,83.0,10.811014378810373,8.124497257769653,9.683363802559416,505.4
0.04287138584247258,0.003988035892323031,0.006979062811565304,0.007976071784646061,0.23429710867397807,0.01296111665004985,0.1106679960119641,0.06081754735792622,0.03090727816550349,0.04685942173479561,0.019940179461615155,0.06081754735792622,0.03988035892323031,0.05284147557328016,0.08673978065802593,0.06480558325024925,0.11665004985044865,14.220338983050848,76.7048853439681,1017.048853439681,17.71286141575274,76.0,12.19105115852606,9.77676969092722,12.536889332003987,1958.8
0.030837004405286344,0.006607929515418502,0.022026431718061675,0.007488986784140969,0.1616740088105727,0.055947136563876655,0.1669603524229075,0.018502202643171806,0.03436123348017621,0.0828193832599119,0.011894273127753305,0.01762114537444934,0.06960352422907488,0.1026431718061674,0.06563876651982378,0.03832599118942731,0.10704845814977973,14.79264317180617,76.26519823788546,1010.8279735682819,18.10396475770925,109.0,12.562250635442856,10.211982378854627,13.104405286343612,5058.8
0.012996136283807516,0.0045662100456621,0.0066736916051984545,0.002107481559536354,0.1422550052687039,0.027748507200561996,0.12715138742536003,0.0091324200913242,0.014049877063575694,0.18651211801896733,0.020372321742184757,0.07727432384966632,0.14892869687390237,0.09905163329820864,0.03371970495258166,0.0460133473832104,0.0414471373375483,16.789462592202316,71.75518089216719,1014.7911134527573,18.714085001756235,82.0,13.284985933466551,10.980295047418336,15.214365999297508,5652.2
0.017504234895539244,0.0033879164313946925,0.0036702428006775835,0.01101072840203275,0.12761151891586675,0.015245623941276116,0.07284020327498589,0.01637492941840768,0.022303783173348392,0.2509881422924901,0.03190287972896669,0.09599096555618294,0.11829474872953134,0.07594579333709768,0.05251270468661773,0.03585544889892716,0.048560135516657256,18.740937323546017,63.42998306041784,1014.4544325239978,19.250423489553924,80.0,13.216647303523704,10.99952004517222,17.042377188029363,1994.2
0.022211253701875617,0.012339585389930898,0.015547877591312933,0.015547877591312933,0.10414610069101678,0.03356367226061204,0.10019743336623889,0.017522211253701875,0.02813425468904245,0.20286278381046396,0.029615004935834157,0.08020730503455084,0.1251233958538993,0.07082922013820335,0.039486673247778874,0.06293188548864759,0.039733464955577495,22.901135241855872,64.49555774925963,1012.4256416584403,17.572309970384996,65.0,17.445544730848855,15.16621421520237,22.94649555774926,6212.4
0.021568627450980392,0.00980392156862745,0.007282913165266107,0.010084033613445379,0.08291316526610644,0.014565826330532213,0.05994397759103642,0.012044817927170869,0.017086834733893556,0.20560224089635853,0.04201680672268908,0.09103641456582633,0.1450980392156863,0.11708683473389356,0.05910364145658263,0.04397759103641457,0.060784313725490195,19.99406162464986,63.949299719887954,1015.8747058823529,17.399439775910363,72.0,14.68985910436587,12.521456582633054,19.07341736694678,334.40000000000003
0.053007135575942915,0.03058103975535168,0.01529051987767584,0.03567787971457696,0.0744138634046891,0.0254841997961264,0.024464831804281346,0.0163098878695209,0.03567787971457696,0.12538226299694188,0.029561671763506627,0.12844036697247707,0.1345565749235474,0.08460754332313965,0.08868501529051988,0.0581039755351682,0.039755351681957186,21.212334352701326,75.73394495412845,1012.3738022426095,17.39551478083588,57.0,18.587415988692403,16.233435270132517,21.73139653414883,1913.3999999999999
